<?xml version="1.0" encoding="utf-8" ?>

<Defs>
	<ThingDef>
		<defName>Building_QSRStockpileSmall</defName>
		<label>Small Quantum Stockpile</label>
		<description>Small Quantum Stockpile description.</description>
		<designationCategory>QSRStorage</designationCategory>
		<category>Building</category>
		<thingClass>Building</thingClass>
		<tickerType>Normal</tickerType>
		<graphicData>
			<texPath>QSR_Buildings/Building_QSRStockpileSmall</texPath>
			<graphicClass>Graphic_Single</graphicClass>
		</graphicData>
		<drawerType>MapMeshAndRealTime</drawerType>
		<repairEffect>Repair</repairEffect>
		<constructEffect>ConstructMetal</constructEffect>
		<soundImpactDefault>BulletImpact_Metal</soundImpactDefault>
		<pathCost>40</pathCost>
		<researchPrerequisites>
			<li>ResearchProject_QSRStockpile</li>
		</researchPrerequisites>
		<leaveResourcesWhenKilled>True</leaveResourcesWhenKilled>
		<terrainAffordanceNeeded>Light</terrainAffordanceNeeded>
		<altitudeLayer>FloorEmplacement</altitudeLayer>
		<passability>Standable</passability>
		<building>
			<isEdifice>False</isEdifice>
		</building>
		<selectable>True</selectable>
		<rotatable>False</rotatable>
		<statBases>
			<MaxHitPoints>100</MaxHitPoints>
			<WorkToBuild>1000</WorkToBuild>
			<Flammability>1.0</Flammability>
			<Beauty>0</Beauty>
		</statBases>
		<costList>
			<Steel>30</Steel>
			<ComponentIndustrial>1</ComponentIndustrial>
		</costList>
		<comps>
			<li Class="CompProperties_Power">
				<compClass>CompPowerTrader</compClass>
				<basePowerConsumption>100</basePowerConsumption>
				<shortCircuitInRain>True</shortCircuitInRain>
				<soundPowerOn>Power_OnSmall</soundPowerOn>
				<soundPowerOff>Power_OffSmall</soundPowerOff>
			</li>
			<li Class="CompProperties_Flickable" />
			<li Class="CompProperties_Breakdownable"/>
      <li Class="QuantumStorageRedux.CompProperties_QSRStockpile" />
		</comps>
		<placeWorkers>
			<li>QuantumStorageRedux.PlaceWorker_QSRNoQSOverlap</li>
			<li>QuantumStorageRedux.PlaceWorker_QSRRequireWalkable</li>
		</placeWorkers>
	</ThingDef>
</Defs>
